Year Released,Album Name,Artist Name
1991,Nevermind (Remastered),Nirvana
1987,Appetite For Destruction,Guns N' Roses
1980,The Game (Deluxe Remastered Version),Queen
1979,Highway to Hell,AC/DC
1982,Combat Rock (Remastered),The Clash
1981,I Love Rock 'N' Roll (Expanded Edition),Joan Jett & The Blackhearts
1969,Led Zeppelin II (1994 Remaster),Led Zeppelin
1993,Pablo Honey,Radiohead
1973,Aerosmith,Aerosmith
1986,Slippery When Wet,Bon Jovi
1981,Escape,Journey
2003,Elephant,The White Stripes
1976,Hotel California (2013 Remaster),Eagles
1973,Tres Hombres (Expanded 2006 Remaster),ZZ Top
1977,"""Heroes"" (2017 Remaster)",David Bowie
1981,Moving Pictures (2011 Remaster),Rush
1971,Who's Next (Deluxe Edition),The Who
1978,Toto,TOTO
2014,Greatest Hits,Black Sabbath
1991,Blood Sugar Sex Magik (Deluxe Edition),Red Hot Chili Peppers
1980,Back In Black,AC/DC
1997,The Colour And The Shape,Foo Fighters
1965,Out Of Our Heads,The Rolling Stones
1977,Bat Out Of Hell,Meat Loaf
1977,Rumours (Super Deluxe),Fleetwood Mac
1977,News Of The World (Deluxe Remastered Version),Queen
1991,Metallica,Metallica
1974,Second Helping,Lynyrd Skynyrd
1970,Pendulum (40th Anniversary Edition),Creedence Clearwater Revival
1968,Steppenwolf,Steppenwolf
1972,The Rise and Fall of Ziggy Stardust and the Spiders from Mars (2012 Remaster),David Bowie
1983,Synchronicity,The Police
1984,Stay Hungry,Twisted Sister
1964,Kinks (Super Deluxe Edition),The Kinks
1971,Led Zeppelin IV (Deluxe Edition),Led Zeppelin
1969,Abbey Road (Remastered),The Beatles
1966,The Best Of The Animals,The Animals
1978,Dire Straits,Dire Straits
1995,(What's The Story) Morning Glory? (Deluxe Edition) [Remastered],Oasis
1979,One Way Or Another,Blondie
1997,Blur (Special Edition),Blur
1993,In Utero - 20th Anniversary - Deluxe Edition,Nirvana
1976,Tom Petty & The Heartbreakers,Tom Petty and the Heartbreakers
2016,Bella Donna (Deluxe Edition),Stevie Nicks
1994,Dookie,Green Day
2015,The Collection,Van Halen
1971,Led Zeppelin IV (Remaster),Led Zeppelin
1977,Rocket to Russia (40th Anniversary Deluxe Edition),Ramones
1975,A Night At The Opera (2011 Remaster),Queen
1976,Jailbreak (Deluxe Edition),Thin Lizzy
1981,Beauty And The Beat (30th Anniversary Deluxe Edition),The Go-Go's
1987,The Joshua Tree (Super Deluxe),U2
1975,Dreamboat Annie,Heart
1988,Nothing's Shocking,Jane's Addiction
2007,Mothership (Remastered),Led Zeppelin
1989,Dr. Feelgood,Mötley Crüe
1994,No Need To Argue,The Cranberries
1976,Boston,Boston
1973,Goodbye Yellow Brick Road (Remastered),Elton John
1981,Face Value (Deluxe Editon),Phil Collins
1968,Electric Ladyland,Jimi Hendrix
1990,The Razors Edge,AC/DC
1984,Learning to Crawl (Expanded & Remastered),Pretenders
1974,Diamond Dogs (30th Anniversary),David Bowie
1967,The Doors,The Doors
1984,Born In The U.S.A.,Bruce Springsteen
1997,Urban Hymns (Remastered 2016),The Verve
1982,Billy Idol,Billy Idol
1980,Permanent Waves,Rush
1976,Leftoverture (Expanded Edition),Kansas
2004,Hot Fuss,The Killers
1988,Surfer Rosa,Pixies
1975,Dressed To Kill (Remastered Version),KISS
2001,Is This It,The Strokes
1980,Crimes Of Passion,Pat Benatar
1991,Greatest Hits II,Queen
1991,Ten,Pearl Jam
1984,Love At First Sting (Deluxe Edition),Scorpions
1972,School's Out,Alice Cooper
1995,Mellon Collie And The Infinite Sadness (Deluxe Edition),The Smashing Pumpkins
1966,The Rolling Stones In Mono (Remastered 2016),The Rolling Stones
1977,Rumours,Fleetwood Mac
2016,The Elektra Years 1978 - 1987,The Cars
1972,Transformer,Lou Reed
1972,Stealers Wheel,Stealers Wheel
2001,Bleed American (Deluxe Edition),Jimmy Eat World
2005,The Long Road Home - The Ultimate John Fogerty / Creedence Collection,Creedence Clearwater Revival
2019,00020225,Foo Fighters
1970,Layla And Other Assorted Love Songs (40th Anniversary / 2010 Remastered),Derek & The Dominos
1977,Lust For Life,Iggy Pop
2007,Introducing the Dwights,Janis Joplin
1990,Shake Your Money Maker,The Black Crowes
1979,The Wall,Pink Floyd
1963,Please Please Me (Remastered),The Beatles
1959,Berry Is On Top,Chuck Berry
1969,Green River (40th Anniversary Edition),Creedence Clearwater Revival
1967,More of The Monkees (Deluxe Edition),The Monkees
1964,A Hard Day's Night (Remastered),The Beatles
1963,Surfin' USA (Remastered),The Beach Boys
2007,The Essential Elvis Presley,Elvis Presley
1964,The Golden Rock Hits Of Jerry Lee Lewis,Jerry Lee Lewis
1969,Willy And The Poor Boys,Creedence Clearwater Revival
1958,Buddy Holly,Buddy Holly
1958,Elvis' Golden Records,Elvis Presley
1971,Hot Rocks (1964-1971),The Rolling Stones
1964,The Very Best of The Everly Brothers,The Everly Brothers
1965,Help! (Remastered),The Beatles
1991,Keep On Running,The Spencer Davis Group
1964,All Summer Long (Mono & Stereo),The Beach Boys
1966,From Nowhere,The Troggs
1960,12 Of His Biggest Hits,Eddie Cochran
1992,The EMI Years: Best of the Swinging Blue Jeans,The Swinging Blue Jeans
1958,That'll Be The Day,Buddy Holly
1955,Rock Around The Clock,Bill Haley & His Comets
1965,My Generation,The Who
1964,St. Louis To Liverpool,Chuck Berry
1965,Easy,The Easybeats
2001,Best Of Elvis Presley,Elvis Presley
2009,"Wedding Essentials: Reception Party, Vol 1",The Kingsmen
2020,Dancin' Party: The Chubby Checker Collection (1960-1966),Chubby Checker
1967,Surrealistic Pillow,Jefferson Airplane
2007,He's Got It,Little Richard
1968,The Second,Steppenwolf
1973,The Beatles 1962 - 1966 (Remastered),The Beatles
2007,BD Music Presents Jerry Lee lewis,Jerry Lee Lewis
1966,Hums Of The Lovin' Spoonful,The Lovin' Spoonful
2000,Essential,The Contours
2008,Rock 'N' Roll Legends,Little Richard
1964,Kinks,The Kinks
1958,One Dozen Berry's,Chuck Berry
1967,Are You Experienced,Jimi Hendrix
2013,The Essential Jerry Lee Lewis [The Sun Sessions],Jerry Lee Lewis
1964,Needles & Pins,The Searchers
2005,The Very Best Of Eddie Cochran,Eddie Cochran
2008,The Very Best Of Little Richard,Little Richard
2013,Rockin' & Rollin' (Volume 1),Johnny & The Hurricanes
1961,Runaway with Del Shannon,Del Shannon
2015,Complete Them (1964-1967) (feat. Van Morrison),Them
1967,Disraeli Gears,Cream
1961,It's Pony Time/Let's Twist Again,Chubby Checker
1966,Get Down With It!: The OKeh Sessions,Little Richard
1959,Rockin' The Joint,Bill Haley & His Comets
1990,Capitol Collectors Series,Gene Vincent
1957,The Dance Album,Carl Perkins
2004,"A's, B's & EP's",Herman's Hermits
2002,Wanda Jackson (Expanded Edition),Wanda Jackson
1992,The Complete Johnny Kidd Vol 1 & 2,Johnny Kidd & The Pirates
2007,Saga All Stars: Be Bop a Lula / 1956,Gene Vincent
1959,Ritchie Valens,Ritchie Valens
1966,Fresh Cream,Cream
2009,Jive Bunny And The Mastermixers The Biggest Party On The Planet,Jive Bunny and the Mastermixers
1984,Reckless (30th Anniversary / Deluxe Edition),Bryan Adams
1989,Trash,Alice Cooper
1987,Hysteria (Super Deluxe),Def Leppard
1982,Eye Of The Tiger,Survivor
2006,U218 Singles,U2
1988,Up Your Alley,Joan Jett & The Blackhearts
1985,Brothers In Arms,Dire Straits
1977,Let There Be Rock,AC/DC
2011,Listen Like Thieves (Remastered),INXS
1987,Tunnel Of Love,Bruce Springsteen
1983,Eliminator,ZZ Top
1987,Whitesnake (2018 Remaster),Whitesnake
1986,5150,Van Halen
1985,Vital Idol,Billy Idol
1989,Skid Row,Skid Row
2012,Kick 25 (Deluxe Edition),INXS
1983,Pyromania (Deluxe),Def Leppard
1983,Let's Dance (2018 Remaster),David Bowie
1980,Hi Infidelity (30th Anniversary Edition),REO Speedwagon
1988,G N' R Lies,Guns N' Roses
1983,Cuts Like A Knife,Bryan Adams
1987,"Girls, Girls, Girls",Mötley Crüe
1985,Scarecrow,John Mellencamp
1981,Difficult To Cure,Rainbow
1985,Once Upon A Time (Super Deluxe),Simple Minds
1981,Time,Electric Light Orchestra
1984,1984 (Remastered),Van Halen
1985,Theatre of Pain,Mötley Crüe
1987,Into The Fire,Bryan Adams
1989,Twice Shy,Great White
1985,Run For Cover,Gary Moore
1981,Working Class Dog,Rick Springfield
1982,Toto IV,TOTO
1985,Riptide,Robert Palmer
1988,OU812,Van Halen
1989,Full Moon Fever,Tom Petty
1986,A Kind Of Magic (2011 Remaster),Queen
1981,For Those About to Rock (We Salute You),AC/DC
1988,Pop Art,Transvision Vamp
1987,Permanent Vacation,Aerosmith
1989,Sonic Temple,The Cult
1989,The Miracle (2011 Remaster),Queen
1981,4 (Expanded),Foreigner
1987,I Never Said Goodbye,Sammy Hagar
1988,New Jersey (Deluxe Edition),Bon Jovi
2009,Nothing But A Good Time,Poison
2003,Laughing At the Pieces,Doctor & The Medics
1989,Street Fighting Years,Simple Minds
1988,Winger,Winger
1989,Taking On The World,Gun
1982,Abracadabra,Steve Miller Band
1984,Heartbeat City,The Cars
1988,Rattle And Hum,U2
1983,Piece of Mind (2015 Remaster),Iron Maiden
1984,The Works (2011 Remaster),Queen
1986,Eat 'Em and Smile,David Lee Roth
1988,Greatest Hits,Fleetwood Mac
2009,Hot In The City,Billy Idol
1983,The Principle of Moments,Robert Plant
2017,Whitesnake (30th Anniversary Super Deluxe Edition),Whitesnake
1988,Lap Of Luxury,Cheap Trick
1986,Bangin',The Outfield
1980,Heaven & Hell,Black Sabbath
1985,Songs From The Big Chair,Tears For Fears
1988,The Hits,REO Speedwagon
1988,Roachford (Expanded Edition),Roachford
1989,Pure,The Primitives
2008,The Best Of,Joy Division
1984,Ocean Rain (Expanded; 2007 Remaster),Echo & the Bunnymen
1986,Raised On Radio,Journey
1988,Heavy Nova (Bonus Tracks Version),Robert Palmer
1990,Cloudcuckooland,The Lightning Seeds
1984,Tonight (2018 Remaster),David Bowie
1980,Voices,Daryl Hall & John Oates
2010,Bon Jovi Greatest Hits,Bon Jovi
1989,Batman,Prince
1995,(What's the Story) Morning Glory?,Oasis
1998,Dizzy up the Girl,The Goo Goo Dolls
1992,Wish,The Cure
1992,Grave Dancers Union,Soul Asylum
1991,Out Of Time (25th Anniversary Edition),R.E.M.
1991,Use Your Illusion I,Guns N' Roses
1996,18 Til I Die,Bryan Adams
1994,Cracked Rear View,Hootie & The Blowfish
1990,Firehouse,Firehouse
2008,Decade In The Sun - Best Of Stereophonics (Deluxe),Stereophonics
1992,Human Touch,Bruce Springsteen
2007,Greatest Hits Volume One - The Singles,The Goo Goo Dolls
1993,Get A Grip,Aerosmith
1999,Tal Bachman,Tal Bachman
1994,Definitely Maybe (Remastered Deluxe),Oasis
1992,Adrenalize (Deluxe),Def Leppard
1994,Swagger,Gun
1998,As Ugly As It Gets: The Very Best Of,Ugly Kid Joe
1991,Pocket Full Of Kryptonite,Spin Doctors
1996,Everything Must Go 10th Anniversary Edition,Manic Street Preachers
1994,Cross Road,Jon Bon Jovi
1998,5,Lenny Kravitz
1991,Achtung Baby (Deluxe Edition),U2
1994,Throwing Copper,Live
1992,Keep The Faith,Bon Jovi
1997,Third Eye Blind,Third Eye Blind
1991,Mad Mad World (Deluxe),Tom Cochrane
1989,The Real Thing,Faith No More
1992,The Southern Harmony And Musical Companion,The Black Crowes
1996,Load,Metallica
1990,Crazy World,Scorpions
1991,Use Your Illusion II,Guns N' Roses
1992,"Bigger, Better, Faster, More !",4 Non Blondes
1999,Last Kiss,Pearl Jam
1995,Jagged Little Pill (2015 Remaster),Alanis Morissette
1994,Superunknown (Deluxe Edition),Soundgarden
1999,The Man Who,Travis
1997,Desireless,Eagle-Eye Cherry
1991,Hey Stoopid,Alice Cooper
2002,The Best Of 1990-2000,U2
1999,Astro Lounge,Smash Mouth
1995,Different Class,Pulp
1990,Flesh & Blood,Poison
1998,Americana,The Offspring
1997,Nine Lives,Aerosmith
1991,Schubert Dip,EMF
1999,Californication (Deluxe Edition),Red Hot Chili Peppers
1998,Celebrity Skin,Hole
2017,90s Mixtape,Sister Hazel
1995,These Days,Bon Jovi
1999,Enema Of The State,blink-182
1995,Let Your Dim Light Shine,Soul Asylum
1991,fear,Toad The Wet Sprocket
1996,Villains,The Verve Pipe
1991,Doubt,Jesus Jones
1995,Don't Bore Us - Get to the Chorus! Roxette's Greatest Hits,Roxette
1997,Pop,U2
1994,Sixteen Stone (Remastered),Bush
1995,Mellon Collie And The Infinite Sadness (Remastered),The Smashing Pumpkins
1995,Tragic Kingdom,No Doubt
1995,Garbage,Garbage
1998,Yield,Pearl Jam
1997,Blurring The Edges,Meredith Brooks
1998,Version 2.0,Garbage
1990,Recycler,ZZ Top
1991,Mama Said,Lenny Kravitz
1999,13,Blur
1996,Come Find Yourself,Fun Lovin' Criminals
1998,14:59,Sugar Ray
2012,"Lunch, Recess & Detention",Marcy Playground
1995,I Should Coco,Supergrass
1998,Feeling Strangely Fine (20th Anniversary Edition),Semisonic
2010,The Best Of,Suede
1999,Significant Other,Limp Bizkit
1998,Adore (2014 Remaster),The Smashing Pumpkins
1996,Duncan Sheik,Duncan Sheik
2000,Blur: The Best Of,Blur
1994,The Downward Spiral,Nine Inch Nails
1997,Ultra (Deluxe),Depeche Mode
1999,Post Orgasmic Chill,Skunk Anansie
2004,Absolution,Muse
2017,Greatest Hits: God's Favorite Band,Green Day
2002,By the Way (Deluxe Edition),Red Hot Chili Peppers
2007,Minutes to Midnight,Linkin Park
2001,Toxicity,System Of A Down
2001,Silver Side Up,Nickelback
2000,The Better Life,3 Doors Down
2005,From Under The Cork Tree,Fall Out Boy
2006,Stadium Arcadium,Red Hot Chili Peppers
2007,Riot!,Paramore
2005,Holiday,Green Day
2000,Infest,Papa Roach
2000,Hybrid Theory,Linkin Park
2003,blink-182,blink-182
2006,The Black Parade,My Chemical Romance
2008,"Rise And Fall, Rage And Grace",The Offspring
2005,A Beautiful Lie,Thirty Seconds To Mars
2005,A Fever You Can't Sweat Out,Panic! At The Disco
2000,Chocolate Starfish And The Hot Dog Flavored Water,Limp Bizkit
2003,Fallen,Evanescence
2008,Appeal To Reason,Rise Against
2005,Best Of You,Foo Fighters
2003,Meteora (Bonus Edition),Linkin Park
2006,Phobia (Explicit Version),Breaking Benjamin
2004,Franz Ferdinand,Franz Ferdinand
2003,Three Days Grace (Expanded Edition),Three Days Grace
2008,Only By The Night,Kings of Leon
2004,Three Cheers for Sweet Revenge,My Chemical Romance
2002,Audioslave,Audioslave
2006,Sam's Town,The Killers
2007,"Echoes, Silence, Patience & Grace",Foo Fighters
2001,Break the Cycle,Staind
2006,Don't You Fake It,The Red Jumpsuit Apparatus
2001,Weezer (Green Album),Weezer
2001,Come Clean,Puddle Of Mudd
2009,The Resistance,Muse
2000,Parachutes,Coldplay
2001,Anthology,Alien Ant Farm
2004,American Idiot (Deluxe),Green Day
2002,The Young and The Hopeless,Good Charlotte
2007,Infinity On High,Fall Out Boy
2004,The Reason,Hoobastank
2002,ONE BY ONE,Foo Fighters
2007,Them vs. You vs. Me,Finger Eleven
2001,"All Killer, No Filler",Sum 41
2002,No One Knows (International Version),Queens of the Stone Age
2006,Black Holes and Revelations,Muse
2001,Take Off Your Pants And Jacket,blink-182
2002,Let Go,Avril Lavigne
2001,Satellite (U.S. Version),P.O.D.
2008,When The World Comes Down,The All-American Rejects
2007,Finding Beauty In Negative Spaces (Bonus Track Version),Seether
2006,Wolfmother,Wolfmother
2006,DECEMBERUNDERGROUND,AFI
1999,Human Clay,Creed
2018,"No Pads, No Helmets...Just Balls (15th Anniversary Tour Edition)",Simple Plan
2003,Ocean Avenue,Yellowcard
2005,Make Believe,Weezer
2007,"So Wrong, It's Right",All Time Low
2006,Come What(ever) May [10th Anniversary Edition],Stone Sour
2001,Morning View,Incubus
2003,Get Born,Jet
2006,Broken Boy Soldiers,The Raconteurs
2000,Conspiracy Of One,The Offspring
2005,Good Apollo I'm Burning Star IV Volume One: From Fear Through The Eyes Of Madness,Coheed and Cambria
2003,Room On Fire,The Strokes
2002,Love For The Streets,Caesars
2000,Veni Vidi Vicious,The Hives
2006,"Whatever People Say I Am, That's What I'm Not",Arctic Monkeys
2004,Good News For People Who Love Bad News,Modest Mouse
2006,Magic Potion,The Black Keys
2008,Vampire Weekend,Vampire Weekend
2008,Black Ice,AC/DC
2002,Nirvana (International Version),Nirvana
2002,Turn On The Bright Lights,Interpol
2005,Silent Alarm,Bloc Party
2005,All That We Needed,Plain White T's
2005,Lullabies To Paralyze,Queens of the Stone Age
2006,Light Grenades,Incubus
2000,White Pony,Deftones
2003,Sleeping With Ghosts,Placebo
2000,Mer De Noms,A Perfect Circle
2005,With Teeth (Bonus Tracks),Nine Inch Nails
2003,Hail To the Thief,Radiohead
2002,The Used,The Used
2002,Tell All Your Friends,Taking Back Sunday
2001,White Blood Cells,The White Stripes
2002,Heathen Chemistry,Oasis
2000,All That You Can't Leave Behind,U2
1996,Evil Empire,Rage Against The Machine
1994,Smash,The Offspring
1993,Pablo Honey (Collector's Edition),Radiohead
1999,Make Yourself,Incubus
1991,Out Of Time,R.E.M.
2003,Thank You,Stone Temple Pilots
1994,Mellow Gold,Beck
1993,August And Everything After,Counting Crows
1996,Sublime (Explicit Version),Sublime
1997,Urban Hymns,The Verve
1994,Weezer (Deluxe Edition),Weezer
1995,Mellon Collie And The Infinite Sadness,The Smashing Pumpkins
1992,Dirt,Alice In Chains
1994,"Hints, Allegations & Things Left Unsaid",Collective Soul
1994,Smash [Remastered],The Offspring
1997,Nimrod,Green Day
1993,Are You Gonna Go My Way,Lenny Kravitz
1994,Purple,Stone Temple Pilots
1999,There Is Nothing Left To Lose,Foo Fighters
1993,Siamese Dream (Deluxe Edition),The Smashing Pumpkins
1990,Facelift,Alice In Chains
1994,Definitely Maybe (Deluxe Edition Remastered),Oasis
1994,Ill Communication,Beastie Boys
1995,Smells Like Children,Marilyn Manson
1999,The Battle Of Los Angeles,Rage Against The Machine
1996,Sublime (Deluxe Edition),Sublime
1992,Blind Melon,Blind Melon
1995,Sparkle And Fade,Everclear
1995,The Bends,Radiohead
2016,Temple Of The Dog (Deluxe Edition),Temple Of The Dog
1997,Sunburn,Fuel
1997,OK Computer,Radiohead
1993,Candlebox,Candlebox
1995,Frogstomp (Deluxe Edition) [Remastered],Silverchair
1999,My Own Worst Enemy,Lit
1995,American Standard,Seven Mary Three
2003,The Singles Collection,No Doubt
1995,The Presidents of The United States of America: Ten Year Super Bonus Special Anniversary Edition,The Presidents Of The United States Of America
1999,Title Of Record,Filter
2005,All Star Smash Hits,Smash Mouth
2007,Absolute Garbage,Garbage
1993,Last Splash,The Breeders
1997,Where Have All The Merrymakers Gone?,Harvey Danger
1997,Let's Face It,The Mighty Mighty Bosstones
1996,Fashion Nugget,CAKE
1998,Without You I'm Nothing,Placebo
1995,Jagged Little Pill,Alanis Morissette
1998,Queens of the Stone Age,Queens of the Stone Age
1996,High/Low,Nada Surf
1997,Around the Fur,Deftones
1995,311,311
1999,Showbiz,Muse
1994,Betty,Helmet
1992,Rage Against The Machine - XX (20th Anniversary Special Edition),Rage Against The Machine
1995,The Great Escape (Special Edition),Blur
1997,Polythene,Feeder
1994,Troublegum,Therapy?
1996,Stoosh,Skunk Anansie
2022,Unlimited Love,Red Hot Chili Peppers
2022,mainstream sellout,Machine Gun Kelly
2022,Wild Child,The Black Keys
2022,Inside (Deluxe),Mother Mother
2022,Bones,Imagine Dragons
2022,Loved You A Little (with Taking Back Sunday and Charlotte Sands),The Maine
2022,The Funeral,YUNGBLUD
2022,Love Sux,Avril Lavigne
2022,Honeybrains,Royal Blood
2021,Teatro d'ira - Vol. I,Måneskin
2021,Smile,Wolf Alice
2022,It Was Fun While It Lasted,Sueco
2021,So Called Life,Three Days Grace
2022,Won’t Stand Down,Muse
2022,Planet Zero,Shinedown
2021,DiE4u,Bring Me The Horizon
2021,Kill The Noise,Papa Roach
2021,-!-,Dead Poet Society
2022,Bad Habits (feat. Bring Me The Horizon),Ed Sheeran
2021,Destructible,Siiickbrain
2022,Life's Coming in Slow (from GRAN TURISMO 7),Nothing But Thieves
2021,GLOW ON,Turnstile
2021,Taking Me Back,Jack White
2021,Medicine At Midnight,Foo Fighters
2022,Re-Entry (feat. Mark Hoppus),A Day To Remember
2021,See What’s On The Inside,Asking Alexandria
2022,CASUALTY,MOTHICA
2021,The Atlas Underground Flood,Tom Morello
2022,A Little Bit of Love,Weezer
2021,Hung Up,The Mysterines
2021,Seventeen Going Under (Deluxe),Sam Fender
2022,Everything's Electric,Liam Gallagher
2022,King,Florence + The Machine
2022,2am,Foals
2022,"The Lightning I, II",Arcade Fire
2022,Jackie Down The Line,Fontaines D.C.
2022,angel in realtime.,Gang of Youths
2021,Crawlers - EP,Crawlers
2022,Mayhem,Cassyette
2022,IMPERA,Ghost
2021,Mammoth WVH,Mammoth WVH
2022,Earthling,Eddie Vedder
2022,ZOMBIFIED,Falling In Reverse
2021,Story Of My Life (feat. Trippie Redd),ILLENIUM
2022,DIRTY WHITE VANS//,KennyHoopla
2021,Drop Dead (with Kesha and Travis Barker),grandson
2022,hair out,Stand Atlantic
2021,The Antidote,Simple Plan
2021,abcdefu (angrier),GAYLE
1991,Nevermind (Deluxe Edition),Nirvana
1991,Jeremy,Pearl Jam
1994,Superunknown (20th Anniversary),Soundgarden
1993,In Utero - 20th Anniversary Remaster,Nirvana
1992,Core,Stone Temple Pilots
2016,Hunger Strike (25th Anniversary Mix),Temple Of The Dog
1994,Jar Of Flies,Alice In Chains
1989,Bleach: Deluxe Edition,Nirvana
1991,Badmotorfinger (25th Anniversary Remaster),Soundgarden
1993,Vs.,Pearl Jam
1995,Foo Fighters,Foo Fighters
1995,Above,Mad Season
1992,Singles - Original Motion Picture Soundtrack,Chris Cornell
1992,Singles - Original Motion Picture Soundtrack,Screaming Trees
1995,Above (Deluxe Edition),Mad Season
2015,Heretics,Toadies
1998,Boggy Depot,Jerry Cantrell
1992,Mother Love Bone,Mother Love Bone
1992,Between The Eyes,Love Battery
1994,Rotting Pinata,Sponge
1992,Bricks Are Heavy,L7
1994,Stoner Witch,Melvins
1994,Live Through This,Hole
1991,1000 Smiling Knuckles,Skin Yard
1992,Sweet Oblivion,Screaming Trees
1992,Push,Gruntruck
1993,Inhaler,Tad
1993,Where You Been [Digital Version] [with Bonus Track],Dinosaur Jr.
1995,Return To Olympus,Malfunkshun
1997,Eight Arms To Hold You,Veruca Salt
1988,Superfuzz Bigmuff,Mudhoney
1993,Four,Seaweed
1988,Dry as a Bone / Rehab Doll,Green River
1992,Piece Of Cake,Mudhoney
2020,Dead Beats,Blood Circus
2020,"Wake Up, Sunshine",All Time Low
2019,Hotel Diablo,Machine Gun Kelly
2002,Sticks and Stones,New Found Glory
2016,Double Dare,Waterparks
2002,"No Pads, No Helmets...Just Balls",Simple Plan
2001,All Killer No Filler,Sum 41
2007,We The Kings,We The Kings
2008,"So Wrong, It's Right (Deluxe Version)",All Time Low
2020,Tickets To My Downfall,Machine Gun Kelly
2007,A Lesson In Romantics,Mayday Parade
2009,Picture Perfect,Every Avenue
2013,Paramore,Paramore
2016,Better Weather,With Confidence
2007,Boys Like Girls,Boys Like Girls
2016,December,Neck Deep
2021,Once In A Lifetime,All Time Low
2018,High Hopes,Yours Truly
2021,Big Cat Judgement Day,With Confidence
2020,weird!,YUNGBLUD
2007,Infinity On High (Deluxe Edition),Fall Out Boy
2005,Move Along,The All-American Rejects
2015,Old Bones,Broadside
2009,Nothing Personal (Deluxe Version),All Time Low
2017,The Peace And The Panic,Neck Deep
2017,Coffee at Midnight,Stand Atlantic
2004,A Hangover You Don't Deserve,Bowling For Soup
2020,All Distortions Are Intentional,Neck Deep
2020,Some Kind Of Disaster,All Time Low
2001,Bleed American,Jimmy Eat World
2019,Where I Belong (feat. We The Kings),Simple Plan
2013,Burnout (Deluxe Version),Anarbor
2021,fever,Against The Current
2017,Lovely Little Lonely,The Maine
2015,Around The World and Back,State Champs
2018,Torn,Neck Deep
2009,Cycles,Cartel
2006,The Great Burrito Extortion Case,Bowling For Soup
2018,Love and Loathing,With Confidence
2004,Palm Trees and Power Lines,Sugarcult
2017,The Good Life,Makeout
2021,Tell Me About Tomorrow,jxdn
2011,Let's Cheers To This,Sleeping With Sirens
2019,Gasoline,Point North
2018,Living Proof,State Champs
2015,"Never Happy, Ever After",AS IT IS
2018,Entertainment,Waterparks
2010,Black & White (Deluxe),The Maine
2003,Take This to Your Grave,Fall Out Boy
2018,Everything Is Temporary,Between You & Me
2019,Are You Feeling Alive?,Hot Milk
2020,estella//,KennyHoopla
2018,Skinny Dipping,Stand Atlantic
2019,I Really Wish I Hated You,blink-182
2005,All We Know Is Falling,Paramore
2017,Vacation,Seaway
2019,Turbulent,Waterparks
2014,5 Seconds Of Summer,5 Seconds of Summer
2019,Scumbag (feat. blink-182),Goody Grace
2011,Vices & Virtues,Panic! At The Disco
2017,Dead Reflection,Silverstein
2009,Reach For The Sun,The Dangerous Summer
2015,Resurrection: Ascension,New Found Glory
2002,The All-American Rejects,The All-American Rejects
2019,Strange Love,Simple Creatures
2002,Drunk Enough To Dance,Bowling For Soup
2008,Folie à Deux,Fall Out Boy
2015,Something's Gotta Give,All Time Low
2018,Sunnyland,Mayday Parade
2011,Suburbia I've Given You All and Now I'm Nothing,The Wonder Years
2001,Good Charlotte,Good Charlotte
2006,Louder Now (U.S. Version),Taking Back Sunday
2015,Future Hearts,All Time Low
2003,Welcome Interstate Managers,Fountains Of Wayne
2021,If You Say So,The Dead Love
2017,Fake Happy (Edit),Paramore
2002,Say It Like You Mean It,The Starting Line
2018,The Great Depression,AS IT IS
1986,Who Made Who,AC/DC
2017,A New Career in a New Town (1977 - 1982),Queen
2011,Comeblack,Scorpions
1979,Dynasty (Remastered Version),KISS
1972,Machine Head (Remastered),Deep Purple
1990,The Very Best Of Ram Jam,Ram Jam
2005,Greatest Hits,The Offspring
1986,Licensed To Ill,Beastie Boys
2005,In Your Honor,Foo Fighters
2012,GRRR! (Deluxe Version),The Rolling Stones
2004,American Idiot,Green Day
1989,Mother's Milk,Red Hot Chili Peppers
2000,Greatest Hits 1990-1999: A Tribute To A Work In Progress...,The Black Crowes
2002,Songs For The Deaf,Queens of the Stone Age
1986,The Final Countdown (Expanded Edition),Europe
2007,The Better Life - Deluxe Edition,3 Doors Down
1980,Blizzard of Ozz (Expanded Edition),Ozzy Osbourne
2004,"Greatest Hits, Vol. 1",Korn
2009,Another Shot of Old Skool of Rock,Alice Cooper
1968,Beggars Banquet,The Rolling Stones
1978,Road to Ruin (Expanded 2005 Remaster),Ramones
1986,Raising Hell,Run–D.M.C.
1996,Quiet Riot - Greatest Hits,Quiet Riot
1991,Pocket Full Of Kryptonite (Anniversary Edition),Spin Doctors
2006,"The Best of Depeche Mode, Volume 1",Depeche Mode
2000,Hybrid Theory (Bonus Edition),Linkin Park
2006,Costello Music,The Fratellis
2011,El Camino,The Black Keys
1980,Ace of Spades (Expanded Edition),Motörhead
2020,Last Night a DJ Saved my Life,KO KO MO
2003,Permission to Land,The Darkness
1995,(What's The Story) Morning Glory,Oasis
2014,Royal Blood,Royal Blood
1985,Play Deep,The Outfield
2015,Blurryface,Twenty One Pilots
2013,Sempiternal (Expanded Edition),Bring Me The Horizon
2013,AM,Arctic Monkeys
2016,The Getaway,Red Hot Chili Peppers
2017,Concrete and Gold,Foo Fighters
2016,WALLS,Kings of Leon
2016,California,blink-182
2016,A/B,KALEO
2018,Blood // Water,grandson
2017,Evolve,Imagine Dragons
2019,MINT,Alice Merton
2018,Disobey,Bad Wolves
2015,American Beauty/American Psycho,Fall Out Boy
2012,LIVING THINGS,Linkin Park
2015,Drones,Muse
2017,After Laughter,Paramore
2011,Megalithic Symphony,AWOLNATION
2016,Heathens,Twenty One Pilots
2012,Night Visions,Imagine Dragons
2017,Wake Up Call,Theory of a Deadman
2015,That's The Spirit (Track by Track Commentary),Bring Me The Horizon
2010,Brothers,The Black Keys
2011,I'm with You,Red Hot Chili Peppers
2011,Wasting Light,Foo Fighters
2014,Savages,Theory of a Deadman
2013,Save Rock And Roll,Fall Out Boy
2017,ATLAS,The Score
2016,Revolution Radio,Green Day
2017,Crooked Teeth (Deluxe),Papa Roach
2017,Broken Machine (Deluxe),Nothing But Thieves
2017,Wonderful Wonderful,The Killers
2016,Mister Asylum,Highly Suspect
2018,Simulation Theory (Super Deluxe),Muse
2016,To Be Everywhere Is To Be Nowhere,Thrice
2014,Going to Hell,The Pretty Reckless
2017,Villains,Queens of the Stone Age
2016,Boom Boom Room (Side A),Palaye Royale
2015,What Went Down,Foals
2010,Only Revolutions,Biffy Clyro
2017,From The Fires,Greta Van Fleet
2017,How Did We Get So Dark?,Royal Blood
2015,Nothing But Thieves (Track by Track),Nothing But Thieves
2018,AMERICA,Thirty Seconds To Mars
2018,Let the Vultures In,Des Rocs
2017,hometown,cleopatrick
2019,"OK, I'M SICK",Badflower
2011,Sinners Never Sleep,You Me At Six
2010,Danger Days: The True Lives of the Fabulous Killjoys,My Chemical Romance
2019,State of Mind,The Faim
2015,Tell Me I'm Pretty,Cage The Elephant
2019,Feral Roots,Rival Sons
2017,Outrage! Is Now,Death From Above 1979
2009,This Is War,Thirty Seconds To Mars
2016,13 Voices,Sum 41
2011,Angles,The Strokes
2012,Handwritten (Deluxe Version),The Gaslight Anthem
2014,The Black Market,Rise Against
2013,Mechanical Bull (Expanded Edition),Kings of Leon
2016,The Ride,Catfish and the Bottlemen
2013,...Like Clockwork,Queens of the Stone Age
2017,As You Were (Deluxe Edition),Liam Gallagher
2015,Young Chasers (Deluxe),Circa Waves
2015,Great Divide (Deluxe Version),Twin Atlantic
2019,Hypersonic Missiles,Sam Fender
2013,Lightning Bolt,Pearl Jam
2014,Lazaretto,Jack White
2004,Aha Shake Heartbreak,Kings of Leon
2004,Up All Night,Razorlight
2006,Everything All The Time,Band of Horses
1988,Surfer Rosa (Remastered),Pixies
2009,The House That Dirt Built,The Heavy
2009,Wolfgang Amadeus Phoenix,Phoenix
2008,Cage The Elephant,Cage The Elephant
2005,Young For Eternity,The Subways
2006,Inside In / Inside Out,The Kooks
2007,"Yours Truly, Angry Mob",Kaiser Chiefs
2010,Tourist History,Two Door Cinema Club
2007,"Proudly Present... A Guide to Love, Loss & Desperation",The Wombats
2006,Carnavas,Silversun Pickups
2005,Oh No,OK Go
2000,Thirteen Tales From Urban Bohemia,The Dandy Warhols
2006,Empire,Kasabian
2005,The Bravery,The Bravery
2005,The Back Room,Editors
2015,Hold My Home,Cold War Kids
2011,What Did You Expect from the Vaccines?,The Vaccines
2009,Baby Darling Doll Face Honey,Band Of Skulls
2011,Blood Pressures,The Kills
2011,Colour Of The Trap,Miles Kane
2009,Fantasies,Metric
2001,B.R.M.C.,Black Rebel Motorcycle Club
2012,Heaven,The Walkmen
2002,Highly Evolved,The Vines
2004,The Libertines,The Libertines
2009,To Lose My Life ...,White Lies
2013,Days Are Gone (Deluxe Edition),HAIM
2008,The Age Of The Understatement,The Last Shadow Puppets
2005,A Certain Trigger,Maximo Park
2002,Make Up The Breakdown,Hot Hot Heat
